year,month_id,time_name,"obs_value_Area Alameda County, CA","obs_value_Area Alpine County, CA","obs_value_Area Amador County, CA","obs_value_Area Butte County, CA","obs_value_Area Calaveras County, CA","obs_value_Area Colusa County, CA","obs_value_Area Contra Costa County, CA","obs_value_Area Del Norte County, CA","obs_value_Area El Dorado County, CA","obs_value_Area Fresno County, CA","obs_value_Area Glenn County, CA","obs_value_Area Humboldt County, CA","obs_value_Area Imperial County, CA","obs_value_Area Inyo County, CA","obs_value_Area Kern County, CA","obs_value_Area Kings County, CA","obs_value_Area Lake County, CA","obs_value_Area Lassen County, CA","obs_value_Area Los Angeles County, CA","obs_value_Area Madera County, CA","obs_value_Area Marin County, CA","obs_value_Area Mariposa County, CA","obs_value_Area Mendocino County, CA","obs_value_Area Merced County, CA","obs_value_Area Modoc County, CA","obs_value_Area Mono County, CA","obs_value_Area Monterey County, CA","obs_value_Area Napa County, CA","obs_value_Area Nevada County, CA","obs_value_Area Orange County, CA","obs_value_Area Placer County, CA","obs_value_Area Plumas County, CA","obs_value_Area Riverside County, CA","obs_value_Area Sacramento County, CA","obs_value_Area San Benito County, CA","obs_value_Area San Bernardino County, CA","obs_value_Area San Diego County, CA","obs_value_Area San Joaquin County, CA","obs_value_Area San Luis Obispo County, CA","obs_value_Area San Mateo County, CA","obs_value_Area Santa Barbara County, CA","obs_value_Area Santa Clara County, CA","obs_value_Area Santa Cruz County, CA","obs_value_Area Shasta County, CA","obs_value_Area Sierra County, CA","obs_value_Area Siskiyou County, CA","obs_value_Area Solano County, CA","obs_value_Area Sonoma County, CA","obs_value_Area Stanislaus County, CA","obs_value_Area Sutter County, CA","obs_value_Area Tehama County, CA","obs_value_Area Trinity County, CA","obs_value_Area Tulare County, CA","obs_value_Area Tuolumne County, CA","obs_value_Area Ventura County, CA","obs_value_Area Yolo County, CA","obs_value_Area Yuba County, CA"
2018,M01,2018 Jan,805712,649,13843,94483,19757,8642,535629,9009,86512,400907,11630,58824,58662,8169,345864,52497,27304,9285,4853606,56646,134625,6827,37027,101599,2729,8593,188385,68704,46770,1556413,177198,6502,1032948,667127,28934,907441,1512971,298271,133981,430276,198357,999156,129833,69596,1140,15406,197528,249143,222466,39420,23679,4138,178715,19731,402344,100675,26679
2018,M02,2018 Feb,814808,647,13950,95082,20069,8978,541668,9153,87323,405870,11937,59889,58837,8240,347646,53294,27851,9257,4910047,58479,135927,6823,37640,103652,2749,8585,193431,71106,47050,1573350,178841,6598,1039827,673456,29372,914210,1528541,302473,136965,435849,204334,1010784,131861,69547,1150,15593,199603,252673,224670,40087,23960,4176,181895,20155,408866,101970,26961
2018,M03,2018 Mar,817540,614,13933,97116,20049,9075,543438,9214,87427,406060,11862,60121,58564,8274,339153,52377,27822,8994,4916360,56317,136042,6916,37665,103914,2755,8403,196264,71079,46960,1574738,179067,6626,1042694,674327,29388,916766,1531200,302114,136718,437401,205245,1012577,132268,69614,1161,15730,199925,252235,225056,40289,23656,4147,178316,20095,409540,102126,27107
2018,M04,2018 Apr,812965,476,13931,97392,20184,9294,540307,9109,87125,410251,11874,60304,57726,8243,348541,52606,27309,9104,4899345,55155,135371,7136,37668,104304,2843,8105,207769,71277,46305,1563372,178477,6837,1036872,672423,29496,911656,1522885,301486,136760,434866,207259,1007688,132958,69248,1149,15942,200289,252333,225877,40760,23791,4273,184138,20037,409980,102379,27144
2018,M05,2018 May,818039,431,14236,98141,20465,9936,543712,9261,87814,417606,11989,61022,58655,8353,356153,53757,27756,9385,4892340,57538,136349,7450,38337,107213,3000,7591,216270,73000,46491,1569710,179889,7380,1041915,677884,29716,915482,1529647,308368,138023,437176,210616,1015112,136205,70287,1231,16316,201630,255321,230284,42040,24016,4468,189792,20119,411785,103505,27585
2018,M06,2018 Jun,813727,446,14151,96083,20445,9776,540416,9295,87418,417257,11780,59971,58606,8509,354178,52298,27715,9254,4865062,56978,135886,7714,37681,105838,3092,8001,219366,72905,46718,1555278,179308,7742,1034958,676173,29767,909167,1522664,303329,136741,436251,209861,1015924,137912,70320,1261,16786,201088,252644,227251,42856,24095,4666,186897,20343,405763,103386,27613
2018,M07,2018 Jul,821167,466,14203,97025,20764,9773,545645,9136,88336,415761,11706,59198,55699,8547,355999,53348,27401,9294,4880295,56075,138027,7669,38320,103555,2991,8341,220481,73370,46656,1571753,181031,7966,1040045,682462,30102,914053,1533791,304761,135501,442693,209038,1026196,137983,70201,1215,16713,201820,254816,229249,42891,23826,4633,181268,20493,406032,104492,27419
2018,M08,2018 Aug,814277,459,14115,96188,20659,9929,541198,9270,87784,417102,11808,59550,56213,8519,361200,53471,27634,9327,4828058,56483,136363,7451,38438,105896,3042,8205,218111,72479,47089,1558060,179827,7919,1029222,677851,29708,906508,1520560,306095,132565,440095,207265,1015767,136201,70246,1213,16713,200634,254314,229289,43188,23984,4737,184375,20159,401790,103907,27851
2018,M09,2018 Sep,819729,457,14223,98439,20618,10023,544990,9366,88367,421451,12202,61248,56500,8492,363952,53551,27701,9473,4897365,58483,137235,7657,38269,109828,3058,7858,219074,73489,47071,1573517,180964,7769,1042829,681755,29820,917621,1529135,309657,135223,442441,208333,1018636,136102,70756,1248,16536,201837,256985,232188,42466,24530,4568,186198,20445,405645,103927,27821
2018,M10,2018 Oct,819138,455,14304,99184,20448,9617,544963,9236,88451,416052,12495,61450,57343,8445,366197,52756,27669,10137,4896991,57517,137382,7453,38548,109744,3075,7540,214501,73112,47159,1579354,180969,7516,1049730,681328,29975,922765,1531536,308179,137335,443788,209858,1021138,135899,71544,1262,17005,202410,256210,230078,42079,24852,4467,181726,20416,408323,103551,27773
2018,M11,2018 Nov,819770,529,14098,96324,20188,9286,545129,9001,88464,412461,11959,61434,58401,8339,363173,53085,27287,9947,4927629,56266,137043,7056,37954,106757,2893,7531,207131,70606,47144,1579973,181138,7064,1059181,681896,29830,931102,1535186,305526,137272,444710,207970,1023195,133800,71276,1190,16209,202713,253650,228658,40998,24245,4385,184151,20270,408246,102991,27408
2018,M12,2018 Dec,819635,640,13968,95199,20231,8687,544777,8877,88324,411314,11971,60726,58327,8297,355345,52993,27153,9166,4898328,57330,136470,6796,37277,104988,2789,8320,193472,68593,47275,1576101,180968,6797,1058232,681487,29515,930510,1533372,304126,134691,444792,204055,1021442,130698,70169,1184,15454,201785,252312,224431,40167,23827,4251,181516,20269,407620,102962,27118
2019,M01,2019 Jan,810566,686,13818,92225,19842,8529,538794,8928,88358,409154,11874,59177,58801,8229,354803,52288,27151,9317,4884499,57736,134472,6613,36583,103967,2709,8752,188469,68178,47169,1562243,181508,6639,1053324,679012,30145,922007,1524215,302710,134529,440656,206687,1014282,128846,68468,1159,15389,198927,247292,223327,40065,23644,4200,180007,19816,402741,101973,27166
2019,M02,2019 Feb,819909,662,13988,93737,20018,8798,544768,9006,89074,411977,12118,60061,59259,8311,354262,52972,27630,9358,4928783,58636,135521,6839,36885,105040,2756,8654,191943,70385,47272,1579618,183086,6628,1058869,685161,30449,927463,1537551,305070,135771,446425,210021,1025091,131369,67852,1176,15345,200760,249727,225116,40535,23821,4174,180608,20053,408507,103041,27402
2019,M03,2019 Mar,819461,642,14071,93700,20114,8791,544502,9049,89035,411934,12056,60288,59513,8306,345845,52488,27485,9219,4919493,57031,135678,6906,37130,105400,2755,8590,194091,70752,47213,1575013,182993,6612,1058875,684818,30462,927069,1533923,304614,136710,446332,212267,1024190,131760,68785,1186,15338,200447,249815,226447,40774,23696,4171,178506,20102,408564,103074,27588
2019,M04,2019 Apr,812173,561,14199,93466,20181,9455,539498,8996,88193,416263,12091,59874,58074,8289,351956,52874,27643,9059,4890574,56467,134187,7008,37044,105207,2854,8338,207356,70321,46741,1563546,181347,6884,1051900,678978,30411,921614,1522498,303253,136701,443332,215625,1012904,132321,68475,1186,15585,200076,247719,225712,41108,23721,4328,183134,19878,407740,102817,27500
2019,M05,2019 May,814656,445,14379,94099,20431,10011,541159,9084,88579,423562,12167,60353,59021,8406,357070,54229,27928,9216,4916247,58581,134749,7381,37397,108251,3041,7738,216991,72299,46360,1566693,182146,7498,1052857,682072,30518,921785,1525845,310250,137585,444127,216428,1016234,135442,69489,1263,16072,200698,249808,228436,42313,24048,4538,187544,20006,408694,103595,27789
2019,M06,2019 Jun,811826,456,14370,91370,20523,9731,539205,9163,88244,419812,12112,59498,58885,8477,358050,52878,27834,9097,4884121,57946,134649,7463,37323,105456,3158,7919,219166,72579,46615,1556362,181514,7793,1048623,679856,30532,916934,1520175,306780,136754,443520,216873,1015354,137263,69523,1287,16473,199905,248195,226332,42934,24156,4693,185385,20068,404359,103438,27875
2019,M07,2019 Jul,819904,451,14341,90161,20934,9794,544895,9050,89220,417671,12097,58831,56299,8623,350235,53684,27295,9056,4908700,57092,136750,7816,37395,103626,3081,8368,219683,73289,46816,1569610,183351,7953,1054512,686483,31013,922651,1531978,306447,135000,450957,216453,1028315,137806,68959,1311,16910,200603,251489,229117,43324,23952,4607,180667,20286,406059,104660,27839
2019,M08,2019 Aug,816586,453,14469,91317,21068,10507,542705,9188,89119,421055,12195,59128,56610,8635,365891,53840,27901,9090,4888251,58250,135980,7768,37408,106612,3091,8279,218315,72757,46768,1559303,183139,7938,1050050,685689,30850,921081,1525181,308729,134274,449835,214516,1024655,137761,70056,1292,16657,200170,252162,229809,43990,24140,4648,184588,20154,402520,104582,28273
2019,M09,2019 Sep,822174,452,14508,94384,21020,10228,546472,9286,89656,426176,12680,60595,57943,8606,369712,54297,27856,9262,4980268,59334,136594,7792,37643,110492,3044,8053,219230,73258,46743,1577312,184225,7740,1060933,689591,30921,930419,1534952,310693,135329,452312,215829,1027524,137711,70574,1344,16725,202151,255318,233329,43020,24902,4501,185836,20227,406561,104703,28335
2019,M10,2019 Oct,820052,432,14491,94978,20889,10303,545030,9262,89791,423685,12774,60785,58034,8584,369207,53797,27687,9930,4965192,57266,136492,7581,37542,110314,3118,7674,215029,72964,46706,1579639,184529,7563,1071715,690723,31174,939222,1539622,312120,136237,451793,218244,1030902,136765,71116,1320,16791,201049,254304,230561,43717,24956,4435,182526,19895,408343,104651,28755
2019,M11,2019 Nov,820472,427,14220,93885,20639,9593,545217,8955,89553,418299,12183,60584,58902,8537,362797,53244,27155,9853,5024041,57464,135908,7273,36878,107586,2991,7558,207064,69742,46658,1577993,184094,7206,1083214,688924,31085,949149,1540620,310248,136675,450951,216926,1030693,134137,70236,1291,16006,200556,250545,230596,42385,24603,4264,182376,19874,407579,103435,28475
2019,M12,2019 Dec,822703,499,14101,93234,20658,9078,546376,8890,89331,418299,12043,60171,59108,8448,358392,52921,27170,8864,4997330,58527,135897,6945,36778,105403,2816,8473,192695,68180,47032,1577508,183763,6865,1085594,687920,30772,951712,1539933,309407,133796,451894,214709,1033750,131282,69713,1280,15425,200283,250132,227100,41663,24074,4161,179958,19727,408762,103308,28401
2020,M01,2020 Jan,815240,620,14081,91053,20687,8534,543862,9020,88778,416154,11933,58856,59477,8316,359350,52375,26979,8876,5014601,58385,135240,7036,36465,104884,2751,8840,189457,68211,47203,1570007,184619,6657,1080384,686217,31350,943571,1531158,309025,134962,452742,210108,1025830,130172,69897,1224,15591,197181,247552,225550,40918,24358,4106,183825,19486,404415,102134,28555
2020,M02,2020 Feb,824154,601,14286,92386,20930,8724,549627,9035,89628,419528,12312,59940,60337,8351,356352,52872,27515,8919,5054309,59732,136079,7117,36757,105884,2829,8762,192838,70741,47479,1586626,186478,6749,1088684,693333,31748,951699,1549180,312662,137295,457508,214139,1036345,131810,69536,1226,15682,199567,250966,228601,41689,24595,4154,185564,19732,410822,103364,28976
2020,M03,2020 Mar,800693,596,14012,90725,20334,8788,533985,8934,87393,408270,12035,58779,58575,8138,340355,51202,26655,8789,4704321,56440,131853,6966,36234,104273,2866,8297,189401,68434,45883,1534445,181836,6705,1057695,676181,30841,924759,1502809,303730,133283,443874,210058,1005779,127711,68291,1191,15400,194342,244010,224135,41183,24119,4104,178544,19141,399580,101121,28427
2020,M04,2020 Apr,687205,361,12125,77462,17871,8257,458238,7968,76943,370069,10914,50305,53549,6750,306557,47922,23680,8323,3989805,49780,109572,5725,30996,96918,2796,4840,175707,54841,37756,1317841,160207,6042,923799,596113,27468,807696,1282208,271938,111437,383467,185572,889886,109254,61519,1042,14161,168986,204674,200591,37965,21576,3818,166298,15943,347737,89714,25777
2020,M05,2020 May,686568,345,11808,78332,18116,8228,457770,7833,76420,373292,11074,50386,53060,6934,315608,48781,23773,8370,3820951,52195,110422,5708,30733,97107,2798,5048,183513,57582,38511,1288218,159130,6438,917419,592276,27395,801130,1265448,281182,111048,378429,187751,886779,112566,62013,1086,14331,168039,205937,200314,38394,21433,3895,170878,16067,346331,89641,25830
2020,M06,2020 Jun,715516,375,12873,82012,19478,8629,477412,8406,80700,390586,11370,52783,54109,7651,325488,49420,25014,8698,4077124,54521,116778,6459,32878,99202,3040,5993,196757,62142,41571,1360638,167931,7054,974395,624737,28530,850176,1345925,288918,119489,392313,196303,922043,120400,66470,1187,15452,176968,218811,210483,40614,22891,4243,175840,17551,364668,94245,27223
2020,M07,2020 Jul,723106,394,12822,81934,19686,9200,482755,8289,81764,385480,11184,52547,51744,7664,324816,50005,25088,8609,4122595,53739,118541,6616,33013,97219,2972,7005,198757,62712,42083,1372555,169992,7151,975187,632222,28911,851140,1359303,288791,120670,396288,199920,931629,121451,65774,1161,15133,178734,221271,212245,40887,22827,4297,169410,17985,362920,95708,27156
2020,M08,2020 Aug,732248,409,13123,83597,20030,9604,488894,8654,82651,393126,11470,53402,53465,7694,341056,50164,26049,8770,4193254,56373,120203,6654,33860,101956,3031,7205,201405,62914,43025,1389473,171812,7377,990087,638926,29164,865753,1375012,297041,120751,399620,201042,941916,122315,67372,1199,15443,179982,224526,218447,41342,23683,4477,174975,18222,366912,96641,27528
2020,M09,2020 Sep,734547,411,13149,83913,19933,9538,490521,8670,83150,396249,11720,54769,54503,7632,342588,49945,26254,8873,4278628,55682,120398,6509,34026,103981,3037,7068,198977,63170,42991,1400955,172808,7198,998524,642451,29097,873064,1386367,299397,123156,399138,202480,941051,122573,67887,1239,15812,179892,225364,218720,40939,23855,4405,174382,18251,369113,96805,27557
2020,M10,2020 Oct,742370,402,13204,85023,19906,9570,495701,8658,83926,394273,11938,55344,54700,7605,347016,50369,26045,9255,4362814,54836,121560,6380,33965,102331,3045,6551,195557,62290,43302,1423282,174440,7031,1018948,648487,29433,890511,1403740,302298,125165,399845,204333,944367,123214,68382,1260,16451,181214,224346,217057,40827,24164,4292,173525,18238,373963,97497,27521
2020,M11,2020 Nov,740913,432,12985,84017,19716,8822,494414,8429,83676,390351,11634,54862,55585,7637,345079,49976,25741,8662,4389932,54239,120557,5959,33321,99848,2904,6736,187640,60496,43072,1427851,174087,6676,1025595,647302,29150,896632,1401530,301433,124594,397944,201613,942370,121057,67073,1184,15357,180719,222362,216189,39967,23491,4179,175756,18175,373011,96678,27441
2020,M12,2020 Dec,740889,507,12982,83899,19622,8653,494282,8359,83614,388650,11788,54051,55405,7524,338409,50116,25456,8491,4350275,55003,120586,5707,33266,99020,2741,6868,174566,59462,43022,1424150,174002,6376,1026094,647152,28928,897364,1393195,300477,122843,399455,196096,943594,118840,66838,1159,14455,180644,222775,213893,39531,23187,4056,174415,17793,372839,96978,27399
2021,M01,2021 Jan,740614,578,12892,83967,19516,8510,494057,8427,84164,389745,11583,53652,56389,7370,339171,50030,26112,8573,4345812,55841,119143,5314,33163,99458,2740,6738,171405,58588,43092,1411488,175014,6196,1021872,651231,28710,893380,1385374,299292,121993,396856,191377,938891,116967,67534,1140,14587,180515,219704,214221,39085,23135,3964,173988,17757,368252,97005,27281
2021,M02,2021 Feb,747293,585,13067,84158,19645,8738,498346,8369,84722,392279,11687,53567,56577,7505,336670,49411,26238,8494,4441109,56121,120359,5607,33494,99699,2737,7387,175140,61699,43356,1431665,176242,6226,1032649,656025,28930,903470,1409384,301300,125499,400252,195305,946450,118779,66630,1150,14653,181180,223620,215726,39423,23199,3960,174993,17893,374136,97917,27490
2021,M03,2021 Mar,752194,573,13245,85012,19864,8956,501996,8445,85371,391137,11966,54407,56675,7633,328589,48445,26345,8547,4461587,54881,121876,5830,34012,100095,2789,7583,177111,63023,43943,1440888,177389,6341,1035349,659989,29044,905327,1418490,301612,127526,402929,200687,949799,120477,67273,1166,14940,182441,225963,217165,39623,23302,3999,173683,18270,378819,98606,27574
2021,M04,2021 Apr,748861,524,13135,84833,20002,9211,499329,8436,84995,396055,11596,54113,55871,7678,337746,48616,25990,8518,4479919,54346,120967,6233,33885,100707,2932,7812,193302,63385,43959,1436586,176823,6709,1028918,658478,28958,900513,1414776,300162,125978,400124,204927,943946,120913,67183,1202,15160,182471,225533,216401,40523,23325,4184,177693,18353,377936,98832,27832
2021,M05,2021 May,755731,428,13326,85595,20134,9394,503870,8549,85535,404978,11660,55080,56651,7789,345967,50585,26428,8684,4519997,56768,121823,6604,34471,103572,3031,7433,199822,65278,43993,1449112,177953,7148,1038308,662729,29188,908469,1428769,308305,127610,404270,209147,951573,123411,67804,1273,15335,183985,228377,218931,41224,23652,4475,181404,18823,381407,99521,28164
2021,M06,2021 Jun,755115,430,13418,84867,20430,9433,503580,8604,85534,403479,11596,54910,56470,7852,342559,49292,26174,8713,4505288,56922,122284,7029,34525,102371,3113,7721,202913,65447,44702,1442681,177896,7495,1031662,662415,29202,902190,1427225,303904,126864,406107,209532,951934,125237,67924,1342,15034,184270,227855,217221,41776,23680,4540,178695,18940,379039,99471,28436
2021,M07,2021 Jul,765250,442,13475,84221,20672,9743,510624,8626,86955,406016,11495,54704,54673,7917,347374,50276,26128,8462,4560507,55925,125031,7150,34867,102330,3053,8026,206990,65953,45604,1467687,180689,7439,1042363,672783,29654,911801,1449809,305503,128691,415156,211877,965743,127546,66960,1294,15509,185916,231667,221878,42029,23471,4361,179180,18930,380205,101532,28345
2021,M08,2021 Aug,765050,417,13555,85872,20642,9800,510475,8810,86976,406984,11632,54462,55675,7843,351464,50310,26393,8492,4561801,58314,124324,7142,34924,104925,3105,7968,207089,65903,45497,1470851,180757,6812,1043553,672950,29638,913482,1452813,308135,128027,416824,209629,967104,127413,68199,1264,15692,186245,232759,222104,42255,24121,4470,181207,19096,380812,101322,28459
2021,M09,2021 Sep,772922,409,13642,87655,20732,9920,515894,8933,87726,412935,12034,56771,56977,7888,356339,50838,26635,8710,4634345,57918,125534,7081,35536,107841,3106,8228,207530,67239,45184,1488934,182235,7035,1056395,678140,29901,924072,1472817,312122,130458,422168,213230,975983,127646,68647,1275,15942,188254,236493,224331,42922,24320,4366,183803,19033,385120,101730,29063
2021,M10,2021 Oct,775408,390,13621,87367,20701,9817,517594,8853,87904,411416,11912,56651,58306,7819,360159,50730,26259,9003,4666052,56734,125988,6826,35006,107667,3108,8056,205116,66601,45171,1501651,182592,6888,1069313,679344,29964,934990,1481102,313900,131661,425178,214586,976417,127095,69029,1240,16603,189116,234897,222500,42532,24571,4378,181719,18804,388646,101711,29007
2021,M11,2021 Nov,781186,411,13544,87697,20706,9202,521123,8690,88318,410449,11700,56595,58970,7973,361265,50409,25947,8468,4729174,57512,126445,6558,34623,105199,2949,7554,199584,64393,45116,1513318,183636,6565,1084544,683306,30145,948756,1495659,316459,131302,428187,213750,984757,125670,68407,1182,15312,190310,234619,223562,41835,24071,4231,184830,18751,390965,101815,29032
2021,M12,2021 Dec,784154,455,13462,87026,20752,9028,522689,8739,88401,411497,11759,56124,58992,7754,355406,50864,26038,8313,4713894,58453,126390,6394,34725,103442,2854,8141,185447,63709,45621,1518841,184017,6294,1090959,685114,30049,955350,1500311,317530,129878,432076,207052,989740,122764,68235,1178,15060,190406,235133,222730,41600,23862,4172,183289,18612,392533,102155,29073
2022,M01,2022 Jan,783533,520,13492,86139,20878,8479,522330,8763,87944,410988,11939,56104,59261,7754,357441,51130,27119,8290,4714402,59151,125380,6164,34811,103033,2804,8253,184158,64638,46009,1510431,183036,6236,1088600,681280,29935,953083,1498696,317136,129246,431020,198633,986564,121591,68960,1183,15139,189198,233255,223504,40948,24055,4165,184445,18509,390804,101313,28686
2022,M02,2022 Feb,791951,526,13674,87478,21277,8717,527938,8791,88781,415303,12091,56763,59777,7887,358851,51184,27460,8233,4782791,59823,126743,6253,35172,104260,2839,8316,187386,66512,46355,1528546,184769,6363,1104427,687758,30202,967109,1514606,323453,131507,435163,201990,994966,122833,68446,1214,15114,191357,236567,225837,41713,24199,4153,185756,18639,397294,102363,29168
2022,M03,2022 Mar,798367,520,13769,88945,21459,8838,532189,8886,89490,416176,12250,57448,59739,7852,351785,51159,27727,8310,4800776,58298,127829,6348,35639,104902,2921,8292,191032,67473,46717,1536048,186245,6479,1109606,693373,30528,971900,1527961,325167,132822,438898,207162,1002807,124323,69272,1211,15431,193308,239386,227673,42449,24386,4292,185488,18788,401112,103429,29504
2022,M04,2022 Apr,788513,537,13589,87923,21316,8773,525189,8677,88824,418321,12147,56749,59406,7763,358820,51640,27016,8241,4776728,58191,126569,6635,35249,104311,2997,8769,206630,67948,45861,1525060,185085,6662,1094441,689667,30399,959124,1519586,322540,132700,435549,211089,997035,125316,68759,1206,15307,192005,238250,225849,42525,24022,4131,191636,18687,398133,103330,29319
2022,M05,2022 May,795618,445,13791,88732,21394,9094,530003,8785,89542,426601,12229,57256,60211,7878,360238,52508,27347,8403,4785455,59318,128166,7106,35827,107165,3045,8405,213863,69677,46021,1534426,186537,7113,1100311,694969,30680,963749,1530499,330547,134676,439912,213632,1005528,127913,69691,1263,15789,194051,240595,230054,43569,24444,4281,194925,19030,401255,104051,29905
2022,M06,2022 Jun,792536,422,13806,86565,21470,9282,528250,8835,89030,422656,12101,57040,59641,7871,359847,51853,26990,8314,4739502,58615,128463,7418,35985,107275,3109,8446,216484,69544,46605,1523868,185309,7476,1088646,690141,30641,952908,1520421,320817,132971,440697,213107,1003142,128836,69574,1340,15515,193151,240298,226667,43734,24284,4499,192075,19041,396801,103399,29867
2022,M07,2022 Jul,795481,437,13604,84809,21576,9357,530060,8753,89640,423010,11756,55602,58231,7987,362330,52622,26607,8124,4751818,58061,128738,7387,35700,108303,3051,8830,219044,70280,47002,1531060,186641,7334,1092697,695414,30891,957534,1526043,325899,131863,443389,213708,1011720,130149,68522,1320,15662,194250,240252,230626,43947,23758,4521,190019,18924,394347,104565,29560
2022,M08,2022 Aug,795802,430,13727,86609,21605,9697,530372,8979,89735,426120,12161,55521,59212,7918,369257,53092,27064,8297,4742160,60324,128272,7489,35822,108085,3102,8604,218252,69756,47118,1529775,186798,7482,1091717,695843,30877,957226,1526251,326767,130631,441778,211282,1011857,129621,69710,1331,16019,193696,241271,230422,44424,24754,4545,191849,19203,393823,104477,29991
2022,M09,2022 Sep,799305,429,13829,88426,21498,9382,532756,8975,90035,430163,12265,57589,59745,8001,372404,53585,26989,8719,4792816,60383,128663,7387,36212,111137,3106,7846,218911,71029,46650,1542378,187403,7255,1101852,697942,30949,965446,1538286,329020,132005,443092,212881,1015230,129471,70016,1326,16482,194586,242730,231864,44182,24852,4451,192893,18986,396915,104535,30192
2022,M10,2022 Oct,797897,408,13672,89089,21302,9462,531816,8967,89989,427128,12305,57694,60298,7773,371574,52953,26854,8856,4776919,59630,128950,7274,35899,110116,3152,7732,211122,69731,46672,1544507,187317,7155,1105172,697586,31109,967969,1540555,326728,133217,441540,213385,1016919,128914,70374,1272,16765,192976,241732,230707,43837,24959,4317,189335,19043,398971,104384,29984
2022,M11,2022 Nov,797003,429,13622,88710,21022,8775,531073,8807,89951,423017,11958,57284,60202,7880,367984,53209,26451,8165,4803960,58257,128816,6988,35183,107057,3030,7846,200013,67281,46425,1541605,187344,6694,1110552,697615,30969,972975,1540920,324291,131629,441947,209473,1015379,126123,68945,1239,15181,191961,238812,228425,42192,24327,4259,190444,18829,396051,103897,29429
2022,M12,2022 Dec,798497,516,13560,87969,21211,8446,531819,8687,90092,425291,11942,57172,60466,7886,362310,52970,26516,7881,4793651,60004,128537,6862,35007,105060,2942,8339,187051,66192,46708,1545773,187764,6372,1115141,699390,30777,977433,1546123,325281,130608,442155,203134,1016728,124047,69214,1222,14988,193015,239126,226574,42218,24097,4164,192210,18894,396784,104125,29556
2023,M01,2023 Jan,794309,630,13411,87127,20788,8185,529273,8875,89661,418948,11830,56773,60801,7898,359532,52285,26426,7870,4778159,58745,127629,6434,34629,103972,2869,8488,181437,66502,46649,1535702,186757,6242,1110139,695313,30572,972684,1536518,321462,129483,439288,199071,1012078,122705,69625,1185,15149,191243,235817,224576,41233,23909,4097,188962,18600,393939,103237,29033
2023,M02,2023 Feb,800938,631,13635,88219,21100,8728,533799,8961,90421,426226,12353,57728,60476,7928,359258,53248,27023,7902,4826930,59424,129244,6518,35368,105596,2923,8605,187508,69172,47158,1546891,188262,6307,1113447,700984,30764,975763,1548496,324159,133188,441169,204034,1018262,124269,69600,1211,15341,194290,240329,228008,42046,24187,4165,190337,18809,399553,104491,29508
2023,M03,2023 Mar,805755,602,13712,88325,21141,8698,536790,9064,90876,425042,12170,58026,61242,8047,356037,52506,27287,8006,4832723,58634,129445,6519,35644,106219,2989,8899,187746,69376,46800,1554398,189334,6377,1119017,705086,30851,981305,1561084,325670,133741,443043,207315,1021525,124611,69802,1189,15314,194431,241296,228889,42245,24368,4127,188723,18960,402132,104892,29697
2023,M04,2023 Apr,800340,570,13742,88484,21238,8997,533051,9003,90328,428581,12241,57681,60846,8028,358108,52788,27155,8009,4815918,57645,128741,6880,35703,106631,3056,9104,199431,68960,46464,1545118,188238,6629,1111054,701350,30731,974783,1549466,324900,134116,437139,211209,1012003,125316,70051,1192,15645,193851,239969,229229,42807,24541,4196,193100,19020,401968,104880,29724
2023,M05,2023 May,799632,461,13875,88984,21347,9472,532526,9065,90560,435902,12312,58137,61658,8139,364514,54199,27331,8169,4795496,59883,128739,7318,36251,109721,3119,8673,209862,72217,46281,1543756,188738,6987,1111409,703489,30721,974456,1550825,328428,134962,435480,215775,1009790,127648,70598,1256,15737,194494,241976,230610,43415,24985,4315,198617,19169,402925,105693,29900
2023,M06,2023 Jun,794768,445,13857,86743,21412,9552,529504,9055,90105,433104,12143,57818,61141,8084,366372,53545,27407,8114,4783858,60383,129188,7756,36431,109700,3205,8829,215036,71621,46890,1531644,187688,7242,1098537,699369,30602,962336,1539652,327785,133623,433136,216510,1004028,128388,70531,1373,15879,194227,241104,229002,44011,24812,4548,194982,19101,398913,105016,29990
2023,M07,2023 Jul,802174,470,13860,85311,21405,9595,534335,8941,91159,432470,11822,56766,59745,8376,359017,53963,27313,7980,4774829,58909,129785,7773,36900,110942,3147,8866,220296,72481,48251,1548543,189945,7706,1106922,707896,30954,970199,1551556,327829,134023,436345,216704,1014691,130750,70692,1379,15819,196478,242645,232596,44430,24553,4553,191482,19478,398926,106317,30016
2023,M08,2023 Aug,799298,460,14013,86980,21447,9828,532189,9109,91009,434899,12087,56574,60611,8229,368210,54123,27730,8174,4761232,60703,128760,8027,36582,110853,3254,9205,218855,71222,48266,1544719,189726,7694,1104500,707531,30854,969438,1547261,330328,132200,432658,214478,1011508,129471,71457,1373,15920,196939,242464,234538,44954,25193,4584,196196,19585,397214,106826,30453
2023,M09,2023 Sep,802667,443,14047,88835,21339,10047,534643,9134,91366,437546,12345,58657,61270,8209,371462,55393,28040,8716,4807973,62112,129359,7966,36587,113490,3190,9036,219091,71491,48116,1554603,190382,7520,1114417,709614,30908,977698,1553079,333344,132527,434075,214888,1013380,128928,71912,1352,16558,198412,244332,235982,44961,25614,4427,198763,19398,399098,106733,30666
2023,M10,2023 Oct,799386,431,13907,88963,21254,9992,532304,9037,91247,433659,12318,58426,61734,8144,371053,55206,27539,9262,4800590,60936,128391,7706,36154,112910,3218,8533,213031,70312,47885,1554466,190234,7326,1117373,709178,30941,980094,1549234,332749,132858,432993,214914,1010308,128045,72163,1330,16858,197088,242241,235283,44681,25632,4418,194409,19271,397753,106549,30502
2023,M11,2023 Nov,802531,456,13882,88898,21189,9433,534494,8860,91848,431779,11886,58432,62732,8205,372973,55382,27253,8700,4828367,60763,128672,7393,35715,111707,3097,8603,206781,69152,47854,1556753,191472,6848,1125893,713500,30859,987147,1555237,332351,133107,433594,213420,1011607,126949,71737,1275,15960,197797,242139,235118,44007,24992,4363,196339,19386,398667,106669,30595
2023,M12,2023 Dec,796751,514,13677,88001,21069,8938,530675,8743,91119,429611,11705,57700,62229,8090,365904,54826,27088,8138,4782176,61432,128085,7129,35507,109198,2975,9208,192657,68474,47782,1545114,189936,6503,1119112,707715,30377,981193,1543490,329385,130193,432459,206547,1004586,123937,70839,1270,15382,196037,240531,232120,43264,24617,4302,193567,19115,396816,105732,30328
2024,M01,2024 Jan,792453,615,13640,87673,21022,8633,528271,8684,91072,427702,11646,57077,62296,7938,364628,54505,27467,7993,4794973,62009,128029,6969,35386,108320,2895,9426,191006,68938,47959,1537534,189756,6357,1111414,706940,30077,974125,1536712,326804,130659,429744,204335,999536,123079,70939,1229,15578,195265,240470,230430,42783,24682,4221,191862,18960,395858,105251,30116
2024,M02,2024 Feb,796363,614,13950,88340,21303,9000,531559,8744,91874,430575,11868,58281,61947,8221,363311,54653,27980,8032,4835917,62540,129657,7098,36115,108538,2918,9564,193552,70154,48390,1550049,191083,6521,1114260,711300,30383,975716,1546976,328007,132756,432240,207128,1002522,124251,70816,1242,15531,196182,243209,232728,42950,24820,4301,192592,19264,400951,105929,30172
2024,M03,2024 Mar,801013,608,14081,88972,21462,9084,534645,8864,92381,429826,11966,58789,61917,8293,356893,54268,27634,8114,4845974,61251,130229,7044,36496,109233,2977,9118,195578,70596,48144,1557985,192134,6547,1120220,715300,30543,981075,1554369,329847,133736,433799,210818,1008626,125465,71327,1249,15501,197303,244764,234622,43510,24985,4373,190942,19474,403774,106683,30501
2024,M04,2024 Apr,796226,556,13933,88777,21525,9272,530971,8660,91773,430217,12019,58115,61889,8234,357206,54355,27156,8073,4822585,60705,128989,7063,36035,109545,3054,8986,208071,70446,47614,1547943,191120,6721,1114254,712061,30523,976879,1547878,331173,132936,430048,214113,1003637,125506,71296,1245,15430,196640,243018,233979,44051,24611,4301,194719,18995,402571,106387,30596
2024,M05,2024 May,797940,473,14108,88873,21725,9668,532344,8663,91887,433855,12143,58563,62367,8353,364426,55407,27251,8235,4813290,62431,129356,7478,36465,112167,3139,8758,214971,71542,47430,1547850,191237,7097,1113435,712348,30481,975147,1545451,336997,133827,429988,216517,1002785,127952,71522,1323,15708,197128,244164,234916,44691,24827,4463,198425,19326,403266,106531,30804
2024,M06,2024 Jun,794549,472,14076,87483,21875,9822,529554,8754,91409,431361,12010,58060,62064,8439,361232,54375,27012,8262,4792186,62072,128409,7839,36454,111846,3192,8583,218346,71580,47599,1538534,190525,7422,1108581,710265,30410,971374,1536628,332418,132857,427548,216341,1000196,128109,71461,1385,15873,196625,242610,232960,45126,24849,4618,196314,19404,398808,106367,30891
2024,M07,2024 Jul,799351,490,14155,86155,22064,10008,532712,8728,91774,432779,11683,56873,60785,8576,361169,54951,27187,8114,4792957,61396,129342,7938,36694,114415,3131,8848,220751,71816,48635,1553410,191277,7553,1113295,713250,30694,976289,1543849,334937,133130,431730,217585,1008847,129695,71177,1371,15718,197218,242852,235899,45275,24456,4609,191749,19805,398688,107167,30709
2024,M08,2024 Aug,796049,483,14151,87971,22137,10320,530449,9055,91702,434671,11964,56728,61588,8661,370654,55165,27539,8244,4775324,63469,128516,7915,36917,111966,3171,9038,219927,70989,48932,1544366,191158,7447,1111119,712887,30543,975641,1539119,339364,131529,427718,214887,1004261,129152,71966,1371,15545,196669,243502,237272,45753,25357,4671,196989,19958,397920,107143,31075
2024,M09,2024 Sep,801413,477,14229,89636,22069,10155,533919,9156,92081,438136,12401,59270,62191,8506,375809,55815,27762,8609,4843168,63513,129106,7877,37083,114769,3136,9268,219593,71488,48177,1558684,192007,7444,1123491,715987,30607,986456,1552209,341259,131523,430430,216302,1007857,129277,72150,1381,15414,198711,245186,238765,45562,25702,4609,198313,19922,401145,107324,31244
2024,M10,2024 Oct,798087,458,14108,90125,21957,10101,531464,9034,91646,433888,12481,59730,62459,8391,376419,55797,27263,8886,4819041,62307,128432,7711,36751,114567,3184,8902,216058,70474,48000,1552915,191228,7288,1124309,713271,30736,987045,1548498,341389,132876,428921,215677,1008616,128050,72561,1372,16668,197530,243087,238213,45505,25654,4587,195585,19908,400373,106858,31237
2024,M11,2024 Nov,797662,480,14002,89945,21918,9324,531316,8851,91533,431814,12178,59564,62447,8474,374805,55537,27498,8416,4814896,62001,128485,7402,36082,112384,3099,8796,207113,68478,47344,1551127,190939,6918,1129219,711814,30560,990873,1545113,341436,132499,427876,212630,1005467,126488,72029,1295,15629,197383,241083,236478,44684,25098,4516,197750,19949,398812,106125,31180
2024,M12,2024 Dec,798679,546,13975,89661,21980,9073,531957,8801,91791,432114,12167,59169,62476,8402,368679,55541,27513,8054,4800645,63226,128530,7279,36096,110657,2986,7996,194965,68448,47688,1552436,191496,6614,1131198,713916,30332,992736,1549532,343693,131212,429023,208271,1006376,124694,71961,1305,15277,197385,241848,235283,44163,24880,4402,196082,19994,399311,106430,31028
2025,M01,2025 Jan,826405,510,14045,86752,16425,9376,554891,8337,86449,434905,11255,56892,60282,7894,375670,53696,24524,7559,4802473,64454,120048,6371,34170,108802,2789,7476,194053,72011,45782,1559459,197469,6623,1129298,742336,32088,984069,1584794,346538,126612,401696,205754,983106,125987,76046,1219,14723,205135,235561,238575,41440,25047,5028,199964,20532,398780,105047,33385
2025,M02,2025 Feb,,,,,,,,,,,,,,,,,,,4763662,,,,,,,,,,,,,,,,,,,,,,,,,,,,,,,,,,,,,,
